,Date,Time,CMP10_GHI_Avg,CMP10_DHI_Avg,CHP1_DNI_Avg,Tilt,T2,T3,T1,T4,Flow,Efficiency,Clearness,Incidence Angle,ZenDeg,AzDeg
0,2023-02-02,09:00:00,146.0584,145.1568,2.450506,149.22711864406782,19.165254237288135,19.016949152542374,15.711864406779661,14.94915254237288,0.8000000000000002,0.08741542787141672,0.3304303440525251,57.99616486915449,70.97,123.2
1,2023-02-02,09:01:00,153.8741,152.874,2.099956,149.4525423728814,19.161016949152543,19.00423728813559,15.826271186440678,15.101694915254237,0.8000000000000002,0.09227144478480578,0.34106562644707833,57.76383408578243,70.78,123.3
2,2023-02-02,09:02:00,158.5694,157.4624,2.591111,143.864406779661,19.305084745762713,19.21186440677966,15.919491525423728,15.114406779661017,0.8000000000000002,0.05699218746560289,0.3347902085199332,57.53160839138283,70.6,123.5
3,2023-02-02,09:03:00,150.9216,150.0254,2.970575,143.5,19.305084745762713,19.21186440677966,15.919491525423728,15.114406779661017,0.8000000000000002,0.057136914570133736,0.32632654029871705,57.29948920720417,70.42,123.7
4,2023-02-02,09:04:00,153.4626,152.7056,2.701281,140.55084745762713,19.411016949152543,19.305084745762713,15.957627118644067,15.186440677966102,0.8000000000000002,0.06628872198409919,0.3208604372840276,57.06747797578332,70.24,123.8
5,2023-02-02,09:05:00,148.4866,147.7359,2.442131,141.87966101694917,19.983050847457626,19.449152542372882,15.974576271186441,15.305084745762711,0.8000000000000002,0.33093110658007224,0.3128570641555827,56.83557616136399,70.06,124
6,2023-02-02,09:06:00,148.52,147.7539,1.871091,148.15593220338985,20.309322033898304,19.71186440677966,16.18220338983051,15.377118644067796,0.8000000000000002,0.3546091605399958,0.3143631933428552,56.60378525032441,69.88,124.2
7,2023-02-02,09:07:00,152.5098,151.7823,1.426752,151.20169491525422,20.597457627118644,19.970338983050848,16.01271186440678,15.334745762711865,0.8000000000000002,0.3646873697753147,0.3211085408734383,56.37210675161423,69.7,124.3
8,2023-02-02,09:08:00,157.6199,156.8576,2.565658,154.81186440677968,21.0635593220339,20.385593220338983,16.084745762711865,15.504237288135593,0.8000000000000002,0.3850145153223797,0.32556608086841254,56.14054219720131,69.52,124.5
9,2023-02-02,09:09:00,159.4837,158.5876,3.119611,155.38644067796608,21.478813559322035,20.758474576271187,16.233050847457626,15.572033898305085,0.8000000000000002,0.40752057071475084,0.32422541380097814,55.90909314252815,69.35,124.7
10,2023-02-02,09:10:00,158.9633,157.9084,2.956412,160.22033898305085,21.953389830508474,21.11864406779661,16.61864406779661,15.724576271186441,0.8000000000000002,0.457944545899895,0.3225019220663827,55.67776116697857,69.17,124.8
11,2023-02-02,09:11:00,160.4175,159.3535,1.71465,169.3728813559322,22.296610169491526,21.52542372881356,16.661016949152543,15.792372881355933,0.8000000000000002,0.4001734284485707,0.3212370845378196,55.446547874354685,68.99,125
12,2023-02-02,09:12:00,160.3184,159.2505,2.057344,180.9864406779661,22.70762711864407,21.93220338983051,16.783898305084747,15.98728813559322,0.8000000000000002,0.3765124067150203,0.32109027368244936,55.21545489336468,68.81,125.2
13,2023-02-02,09:13:00,162.8688,161.7239,2.748585,197.58135593220337,22.96186440677966,22.309322033898304,16.843220338983052,16.10169491525424,0.8000000000000002,0.2902109380091982,0.32878397901326045,54.98448387812113,68.63,125.3
14,2023-02-02,09:14:00,170.7136,169.4148,2.412249,212.86101694915257,23.466101694915253,22.61864406779661,17.01271186440678,16.076271186440678,0.8000000000000002,0.34980706194952355,0.3444850281370203,54.753636508651034,68.46,125.5
15,2023-02-02,09:15:00,181.5675,180.1482,2.784875,219.9983050847458,23.85169491525424,23.046610169491526,17.093220338983052,16.233050847457626,0.8000000000000002,0.32150345664942415,0.3688245619811001,54.52291449141668,68.28,125.7
16,2023-02-02,09:16:00,198.558,196.9621,2.164225,225.42881355932207,24.31779661016949,23.52542372881356,17.14406779661017,16.364406779661017,0.8000000000000002,0.3087696631266031,0.3995630662275225,54.29231955984883,68.11,125.9
17,2023-02-02,09:17:00,216.4371,214.6385,2.045819,229.46271186440674,24.834745762711865,23.911016949152543,17.165254237288135,16.5,0.8000000000000002,0.35359126940197383,0.42192548385360745,54.061853474891585,67.93,126
18,2023-02-02,09:18:00,225.1402,223.1674,1.836599,221.20677966101698,25.385593220338983,24.241525423728813,17.122881355932204,16.656779661016948,0.8000000000000002,0.45423403218739555,0.4337007211590319,53.831518025559724,67.75,126.2
19,2023-02-02,09:19:00,232.1985,230.0683,1.862136,203.51525423728816,25.86864406779661,24.71186440677966,17.3135593220339,16.758474576271187,0.8000000000000002,0.49915457206028485,0.44169025885874974,53.60131502950868,67.58,126.4
20,2023-02-02,09:20:00,237.0539,234.7871,2.649883,230.01016949152543,26.372881355932204,25.309322033898304,17.402542372881356,16.85169491525424,0.8000000000000002,0.40601863459155746,0.4373125781337885,53.37124633361759,67.41,126.6
21,2023-02-02,09:21:00,230.9895,228.632,3.865884,249.28813559322032,26.96186440677966,25.758474576271187,17.53813559322034,17.016949152542374,0.8000000000000002,0.42382919650588396,0.4063510979470609,53.14131381458557,67.23,126.7
22,2023-02-02,09:22:00,207.1034,204.8025,3.743608,268.03728813559326,27.5,26.322033898305083,17.71186440677966,17.165254237288135,0.8000000000000002,0.38581377751078383,0.40451913909062237,52.911519379541566,67.06,126.9
23,2023-02-02,09:23:00,232.1753,228.9151,5.658876,260.3033898305085,27.889830508474578,26.91949152542373,17.834745762711865,17.23728813559322,0.8000000000000002,0.3272233319766196,0.43541999017950583,52.681864966668535,66.88,127.1
24,2023-02-02,09:24:00,244.0494,238.7221,10.14759,246.0016949152542,28.48728813559322,27.360169491525422,17.91949152542373,17.411016949152543,0.8000000000000002,0.4021541874598613,0.4555563380492279,52.45235254584147,66.71,127.3
25,2023-02-02,09:25:00,257.7323,249.6055,15.8364,248.53728813559323,28.99576271186441,27.728813559322035,18.22457627118644,17.60169491525424,0.8000000000000002,0.4474007774547866,0.4595695280772805,52.222984119280746,66.54,127.5
26,2023-02-02,09:26:00,252.0213,247.2714,8.396787,270.98644067796613,29.593220338983052,28.25,18.338983050847457,17.597457627118644,0.8000000000000002,0.43500062955276375,0.44225272828393625,51.99376172222008,66.37,127.6
27,2023-02-02,09:27:00,241.9294,238.6835,4.776561,300.12203389830506,30.10593220338983,28.766949152542374,18.41949152542373,17.64406779661017,0.8000000000000002,0.39150145745792836,0.4301745781299508,51.764687423590246,66.2,127.8
28,2023-02-02,09:28:00,241.8306,237.9639,5.500224,333.6847457627119,30.483050847457626,29.228813559322035,18.427966101694917,17.673728813559322,0.8000000000000002,0.3298170427750585,0.44180057459134203,51.53576332671866,66.02,128
29,2023-02-02,09:29:00,258.3792,252.2094,10.52883,341.71525423728815,30.95762711864407,29.703389830508474,18.56779661016949,17.74576271186441,0.8000000000000002,0.32204506459805565,0.47371013131840495,51.306991570045156,65.85,128.2
30,2023-02-02,09:30:00,281.5643,269.8489,21.7548,307.8542372881356,31.440677966101696,30.050847457627118,18.516949152542374,17.83050847457627,0.8000000000000002,0.39609052422174507,0.5137788344842364,51.078374327854554,65.68,128.4
31,2023-02-02,09:31:00,307.9455,290.3689,32.99041,265.29661016949154,32.04661016949152,30.50423728813559,18.453389830508474,17.889830508474578,0.8000000000000002,0.5100432582950256,0.5435319352569464,50.84991381102646,65.51,128.6
32,2023-02-02,09:32:00,319.8077,305.5997,25.82407,242.81694915254238,32.720338983050844,30.978813559322035,18.576271186440678,17.983050847457626,0.8000000000000002,0.6291749748863302,0.5309952426307546,50.6216122678025,65.34,128.7
33,2023-02-02,09:33:00,297.4604,289.6659,13.23953,245.0779661016949,33.45762711864407,31.576271186440678,18.64830508474576,18.093220338983052,0.8000000000000002,0.6733742604748847,0.4791149659870201,50.39347198457158,65.17,128.9
34,2023-02-02,09:34:00,263.0878,257.8858,7.963507,245.46271186440683,33.96610169491525,32.20762711864407,18.699152542372882,18.097457627118644,0.8000000000000002,0.6283708746973381,0.4282076159381808,50.165495286673995,65.01,129.1
35,2023-02-02,09:35:00,241.0958,236.4595,7.764473,221.16949152542372,34.313559322033896,32.83898305084746,18.843220338983052,18.199152542372882,0.8000000000000002,0.5847740248216791,0.40638274534737373,49.93768453922393,64.84,129.3
36,2023-02-02,09:36:00,240.4107,236.0117,6.748272,208.31525423728814,34.639830508474574,33.33898305084746,18.81779661016949,18.241525423728813,0.8000000000000002,0.5476916988691619,0.4027470009341539,49.71004214795216,64.67,129.5
37,2023-02-02,09:37:00,239.7688,235.9637,6.542387,212.31694915254238,35.04237288135593,33.69915254237288,18.78813559322034,18.322033898305083,0.8000000000000002,0.5548562399755177,0.382293351876946,49.482570560068,64.5,129.7
38,2023-02-02,09:38:00,218.8424,215.4996,4.85456,214.34237288135594,35.45762711864407,34.16949152542373,18.834745762711865,18.415254237288135,0.8000000000000002,0.5270567316769083,0.35554495750388126,49.255272265142395,64.33,129.9
39,2023-02-02,09:39:00,210.2903,207.8409,3.547214,227.61186440677966,35.69491525423729,34.49152542372882,18.838983050847457,18.52542372881356,0.8000000000000002,0.46366780055557266,0.34857024510501455,49.02814979601151,64.17,130.1
40,2023-02-02,09:40:00,212.9719,210.4906,3.862408,250.95084745762713,35.91949152542373,34.728813559322035,18.74576271186441,18.529661016949152,0.8000000000000002,0.4160970616215435,0.34936137581498816,48.80120572970234,64,130.3
41,2023-02-02,09:41:00,213.7937,211.1598,3.426751,270.5220338983051,36.21610169491525,35.110169491525426,18.89406779661017,18.516949152542374,0.8000000000000002,0.3585137656156533,0.3565301386077597,48.57444268838002,63.84,130.4
42,2023-02-02,09:42:00,224.3128,221.2986,3.23862,269.1898305084746,36.5,35.398305084745765,19.02542372881356,18.733050847457626,0.8000000000000002,0.35890176801925056,0.38012178995645407,48.34786334031832,63.67,130.6
43,2023-02-02,09:43:00,245.5262,240.8909,7.005501,264.9966101694915,36.902542372881356,35.69915254237288,19.076271186440678,18.758474576271187,0.8000000000000002,0.3982271836726919,0.40759203735063226,48.12147040089284,63.51,130.8
44,2023-02-02,09:44:00,261.195,257.0393,6.662492,257.8474576271187,37.279661016949156,35.88559322033898,19.16949152542373,18.75,0.8000000000000002,0.4741110308095622,0.4214603515613296,47.89526663359879,63.34,131
45,2023-02-02,09:45:00,265.7821,261.7835,6.1346,259.0118644067797,37.66525423728814,36.271186440677965,19.14830508474576,18.86864406779661,0.8000000000000002,0.47197149677150213,0.4204260003336861,47.66925485109252,63.18,131.2
46,2023-02-02,09:46:00,262.8957,258.7859,6.214626,259.43220338983053,38.08474576271186,36.63559322033898,19.20762711864407,18.911016949152543,0.8000000000000002,0.48981828645916514,0.41193399107559553,47.44343791625895,63.02,131.4
47,2023-02-02,09:47:00,258.024,253.9486,5.904365,256.82203389830505,38.529661016949156,37.1271186440678,19.453389830508474,19.046610169491526,0.8000000000000002,0.47887415519095405,0.40654476582986043,47.217818743304235,62.85,131.6
48,2023-02-02,09:48:00,258.9499,255.6338,4.633505,245.9966101694915,38.83474576271186,37.53389830508475,19.470338983050848,19.21186440677966,0.8000000000000002,0.46369271525404687,0.4073077364974856,46.99240029887501,62.69,131.8
49,2023-02-02,09:49:00,261.8558,258.863,4.765452,231.06440677966097,39.186440677966104,37.855932203389834,19.58050847457627,19.338983050847457,0.8000000000000002,0.5049098755716804,0.4046643421365488,46.76718560320511,62.53,132
50,2023-02-02,09:50:00,258.3999,255.6308,4.313022,216.9915254237288,39.52542372881356,38.190677966101696,19.758474576271187,19.39406779661017,0.8000000000000002,0.5393638710153793,0.39292451088421454,46.54217773128961,62.37,132.2
51,2023-02-02,09:51:00,249.4977,246.7938,4.326348,210.17627118644066,39.97457627118644,38.644067796610166,19.860169491525422,19.614406779661017,0.8000000000000002,0.5550813328691772,0.3749427776239501,46.31737981408796,62.21,132.4
52,2023-02-02,09:52:00,237.7544,235.3991,3.634114,219.38983050847457,40.25423728813559,38.95762711864407,19.83050847457627,19.72457627118644,0.8000000000000002,0.5182196396520699,0.35650760407944265,46.0927950397559,62.05,132.6
53,2023-02-02,09:53:00,227.999,225.772,2.818247,233.41186440677964,40.5,39.32203389830509,19.940677966101696,19.79237288135593,0.8000000000000002,0.44251645904262493,0.3430285243851212,45.868426654907964,61.89,132.8
54,2023-02-02,09:54:00,222.4992,219.9654,3.583723,249.3864406779661,40.686440677966104,39.644067796610166,20.093220338983052,19.872881355932204,0.8000000000000002,0.366495807042966,0.3430815875604098,45.64427796591024,61.73,133
55,2023-02-02,09:55:00,230.4121,227.1675,4.073933,257.2983050847457,40.94491525423729,39.91101694915254,20.216101694915253,19.9364406779661,0.8000000000000002,0.3523377419420862,0.35654814215446756,45.42035234020537,61.57,133.2
56,2023-02-02,09:56:00,242.7004,239.2977,4.475951,240.4915254237288,41.271186440677965,40.13135593220339,20.36864406779661,20.08050847457627,0.8000000000000002,0.4155838463454033,0.37624476478877755,45.196653207669385,61.41,133.4
57,2023-02-02,09:57:00,259.0931,255.3293,3.747809,233.85932203389828,41.54237288135593,40.38135593220339,19.966101694915253,20.127118644067796,0.8000000000000002,0.4353135734033622,0.3834270194187087,44.97318406200224,61.26,133.6
58,2023-02-02,09:58:00,254.8602,251.5152,3.060335,234.6491525423729,41.88135593220339,40.601694915254235,20.04237288135593,20.25,0.8000000000000002,0.47818379786209164,0.37159812741311915,44.7499484621522,61.1,133.8
59,2023-02-02,09:59:00,245.7263,242.887,2.569737,237.25084745762712,42.25423728813559,40.86440677966102,20.093220338983052,20.33050847457627,0.8000000000000002,0.5136579758019909,0.3621966604551662,44.526950033775414,60.94,134
60,2023-02-02,10:00:00,244.6091,241.9568,2.083456,250.16610169491526,42.38559322033898,41.13559322033898,20.266949152542374,20.406779661016948,0.8000000000000002,0.43812932095371326,0.3627110576922967,44.304192470731046,60.79,134.3
61,2023-02-02,10:01:00,248.8277,246.2224,2.234452,257.02372881355933,42.66949152542373,41.45762711864407,20.449152542372882,20.444915254237287,0.8000000000000002,0.4134311467099619,0.3706295979213851,44.08167953661365,60.63,134.5
62,2023-02-02,10:02:00,257.8266,255.1319,2.790779,256.26779661016946,43.067796610169495,41.847457627118644,20.70762711864407,20.720338983050848,0.8000000000000002,0.4175529348275331,0.3846760593900538,43.859415066322796,60.48,134.7
63,2023-02-02,10:03:00,270.554,267.9033,2.848448,266.6694915254238,43.38135593220339,42.11864406779661,20.78813559322034,20.89406779661017,0.8000000000000002,0.4152010687318549,0.3901008969815533,43.63740296767154,60.32,134.9
64,2023-02-02,10:04:00,267.825,264.9094,3.037325,279.6491525423729,43.644067796610166,42.436440677966104,20.85593220338983,20.944915254237287,0.8000000000000002,0.37866016191200547,0.38962882085859724,43.415647223034796,60.17,135.1
65,2023-02-02,10:05:00,272.4331,269.4471,2.254086,298.46101694915257,44.09322033898305,42.73728813559322,21.008474576271187,21.233050847457626,1.12,0.5577155980694944,0.4006799291864656,43.194151891037706,60.01,135.3
66,2023-02-02,10:06:00,285.7371,282.4405,1.464588,310.1338983050847,44.186440677966104,42.78813559322034,21.23728813559322,21.36864406779661,1.12,0.5534979196032843,0.41285220447364135,42.972921108286485,59.86,135.5
67,2023-02-02,10:07:00,292.0429,287.4995,4.49516,302.96779661016944,44.24152542372882,43.563559322033896,21.26271186440678,21.5635593220339,1.12,0.27471339240210835,0.42534322317368334,42.75195909114108,59.71,135.7
68,2023-02-02,10:08:00,305.9368,300.2251,5.03301,300.74406779661024,44.75,43.720338983050844,21.173728813559322,21.61864406779661,1.12,0.4203105824089244,0.43315985263659995,42.53127013753238,59.56,135.9
69,2023-02-02,10:09:00,305.7858,301.6303,3.515319,310.47627118644067,45.26271186440678,44.36440677966102,21.156779661016948,21.800847457627118,1.12,0.3552038893156363,0.42762785477300547,42.310858628823595,59.41,136.2
70,2023-02-02,10:10:00,300.828,297.2793,2.128727,327.78474576271185,45.75847457627118,44.72457627118644,21.16949152542373,22.00423728813559,1.12,0.38723891012104816,0.42770634417661096,42.09072903171801,59.26,136.4
71,2023-02-02,10:11:00,308.5864,304.4811,3.647398,347.3796610169491,46.33474576271186,45.3728813559322,21.18220338983051,22.271186440677965,1.12,0.33994712268524707,0.436795044706197,41.87088590021351,59.11,136.6
72,2023-02-02,10:12:00,316.5091,311.1831,5.810652,378.71016949152545,46.72457627118644,45.855932203389834,21.190677966101696,22.478813559322035,1.12,0.2816087493139657,0.44874157062738884,41.651333877605445,58.96,136.8
73,2023-02-02,10:13:00,328.4731,323.1008,5.440126,380.06440677966106,47.30508474576271,46.29661016949152,21.097457627118644,22.61864406779661,1.12,0.32578481947391474,0.47014947967667364,41.432077698538805,58.81,137
74,2023-02-02,10:14:00,350.1856,341.597,10.80233,423.09152542372885,47.94915254237288,46.82627118644068,21.360169491525422,22.834745762711865,1.12,0.3258646919066119,0.489079028722027,41.21312219111101,58.66,137.2
75,2023-02-02,10:15:00,358.8042,349.8284,11.06586,493.21016949152545,48.69915254237288,47.49576271186441,21.78813559322034,23.06779661016949,1.12,0.29959274985294015,0.4979731514229624,40.99447227902617,58.52,137.5
76,2023-02-02,10:16:00,366.1223,348.9377,26.8601,493.25084745762706,49.46186440677966,48.11440677966102,21.949152542372882,23.31779661016949,1.12,0.33544746167631145,0.5299492374643983,40.77613298380277,58.37,137.7
77,2023-02-02,10:17:00,408.5735,372.3214,60.48061,496.2338983050848,50.21610169491525,48.80508474576271,22.36864406779661,23.5635593220339,1.12,0.3491770845912957,0.5613731453923089,40.558109427035205,58.22,137.9
78,2023-02-02,10:18:00,415.4496,383.5529,52.72558,538.3813559322034,51.01271186440678,49.483050847457626,22.550847457627118,23.81779661016949,1.12,0.3489232248678011,0.5683265235447893,40.34040683271088,58.08,138.1
79,2023-02-02,10:19:00,422.1927,388.8342,55.46014,532.4915254237288,52.067796610169495,50.182203389830505,22.529661016949152,23.95762711864407,1.12,0.4349021287763201,0.5899766921346864,40.12303052958423,57.93,138.4
80,2023-02-02,10:20:00,450.8806,398.6379,87.91863,464.2847457627118,52.860169491525426,51.02542372881356,22.83050847457627,24.046610169491526,1.12,0.48537659419845136,0.6261525244552744,39.90598595360855,57.79,138.6
81,2023-02-02,10:21:00,479.442,412.0824,110.2691,412.30847457627124,53.771186440677965,51.84322033898305,22.847457627118644,24.194915254237287,1.12,0.574380032535773,0.6066164060641187,39.68927865042754,57.65,138.8
82,2023-02-02,10:22:00,425.4312,393.8944,50.12693,424.6271186440677,54.766949152542374,52.77542372881356,23.13135593220339,24.334745762711865,1.12,0.5761577090291828,0.5370322889888693,39.47291427792711,57.5,139
83,2023-02-02,10:23:00,378.7924,365.3112,20.97628,483.78135593220344,55.70762711864407,53.58050847457627,23.338983050847457,24.444915254237287,1.12,0.5401880297175056,0.5081580345460006,39.25689860884973,57.36,139.3
84,2023-02-02,10:24:00,385.1505,366.8691,27.95775,607.6220338983052,56.228813559322035,54.563559322033896,23.385593220338983,24.60169491525424,1.12,0.3367319387709986,0.5368243990206707,39.04123753347179,57.22,139.5
85,2023-02-02,10:25:00,424.995,383.2221,67.34025,846.6779661016949,56.75,55.233050847457626,23.228813559322035,24.610169491525422,1.12,0.22014998635758337,0.6015263111801351,38.82593706234596,57.08,139.7
86,2023-02-02,10:26:00,486.2543,401.2301,141.269,536.9728813559321,57.33474576271186,55.73728813559322,23.072033898305083,24.73728813559322,1.12,0.3655693746709204,0.7329002887856205,38.61100332910964,56.94,140
87,2023-02-02,10:27:00,628.2007,435.8174,332.312,389.2881355932203,58.101694915254235,56.220338983050844,23.059322033898304,24.83050847457627,1.12,0.5939150689012898,0.7406580529351272,38.39644259336105,56.8,140.2
88,2023-02-02,10:28:00,502.2558,397.7689,167.5414,513.3898305084746,59.41949152542373,56.91101694915254,23.51271186440678,24.983050847457626,1.12,0.6005369911102089,0.5539657233740707,38.182261243603975,56.66,140.4
89,2023-02-02,10:29:00,346.3793,332.6907,18.13777,691.9372881355931,61.45762711864407,57.74576271186441,23.588983050847457,25.190677966101696,1.12,0.6594501202607652,0.5128575266819206,37.968465800263274,56.52,140.7
90,2023-02-02,10:30:00,442.1548,359.2531,131.3674,931.8491525423728,61.3771186440678,59.51271186440678,23.279661016949152,25.296610169491526,1.12,0.24597946611556115,0.6704811261260721,37.755062918771614,56.38,140.9
91,2023-02-02,10:31:00,592.4625,335.9314,421.573,852.6203389830508,61.92372881355932,60.30084745762712,22.923728813559322,25.377118644067796,1.12,0.23403121216222147,0.8244830394028059,37.54205939272986,56.25,141.1
92,2023-02-02,10:32:00,684.3533,267.2234,709.8773,938.4881355932202,62.79237288135593,60.559322033898304,22.96186440677966,25.508474576271187,1.12,0.2925810888308795,0.8743561886462249,37.32946215714149,56.11,141.4
93,2023-02-02,10:33:00,674.4991,222.4941,762.3394,949.4966101694914,64.30508474576271,61.20762711864407,23.114406779661017,25.53813559322034,1.12,0.40119420343508166,0.8639403710865418,37.11727829172308,55.98,141.6
94,2023-02-02,10:34:00,672.8781,198.0323,807.9667,922.9644067796609,66.52966101694915,62.25,23.372881355932204,25.64406779661017,1.12,0.570389238882767,0.8662181031797359,36.90551502429221,55.84,141.8
95,2023-02-02,10:35:00,682.7435,202.34,814.326,849.1355932203389,67.79661016949153,64.02542372881356,23.470338983050848,25.741525423728813,1.12,0.5464471610387996,0.8574818658000185,36.6941797342336,55.71,142.1
96,2023-02-02,10:36:00,663.8185,208.7621,768.0075,736.9932203389831,70.03813559322033,65.60169491525424,23.555084745762713,25.97457627118644,1.12,0.7408846409523758,0.8063120539193752,36.48327995604563,55.57,142.3
97,2023-02-02,10:37:00,606.6949,224.285,642.2905,836.6305084745763,71.72033898305085,67.19067796610169,23.52542372881356,26.084745762711865,1.12,0.6665446830269535,0.6932076505669812,36.27282338296753,55.44,142.6
98,2023-02-02,10:38:00,489.2753,230.0996,435.0099,940.177966101695,73.55932203389831,69.13559322033899,23.864406779661017,26.190677966101696,1.12,0.5794520108388276,0.740091062074257,36.062817870689685,55.31,142.8
99,2023-02-02,10:39:00,684.7152,207.2874,799.3226,720.8745762711865,74.79661016949153,70.69915254237289,23.966101694915253,26.385593220338983,1.12,0.7001683690561876,0.8528549688445776,35.853271441147115,55.18,143.1
100,2023-02-02,10:40:00,672.6086,179.5983,822.5284,786.0440677966102,75.63135593220339,72.13983050847457,23.978813559322035,26.39830508474576,1.12,0.5472762586298315,0.7957282863388359,35.64419228639839,55.05,143.3
101,2023-02-02,10:41:00,597.9271,182.0256,679.0759,404.5677966101696,77.29237288135593,73.29237288135593,24.029661016949152,26.639830508474578,1.12,1.2184921117622338,0.7291401205106185,35.43558877259016,54.92,143.5
102,2023-02-02,10:42:00,570.0435,185.5426,624.6497,892.5932203389831,78.99152542372882,74.32627118644068,24.449152542372882,26.75423728813559,1.12,0.6443052570970281,0.5842913068692936,35.227469444009294,54.79,143.8
103,2023-02-02,10:43:00,368.8889,202.4357,270.0965,924.8101694915256,79.45762711864407,76.07627118644068,24.296610169491526,26.906779661016948,1.12,0.450820357537899,0.6452102453142115,35.019843027222755,54.66,144
104,2023-02-02,10:44:00,671.2118,177.3973,815.7874,918.4322033898305,80.69067796610169,77.14406779661017,24.08050847457627,27.06779661016949,1.12,0.47624863150673036,0.8312774524355574,34.81271843530707,54.53,144.3
105,2023-02-02,10:45:00,673.0217,162.2671,839.3352,804.0593220338984,80.09745762711864,78.20338983050847,23.822033898305083,27.1864406779661,1.12,0.2905327487429025,0.8258411999229013,34.60610477216747,54.41,144.5
106,2023-02-02,10:46:00,666.5479,151.7072,843.3591,916.6966101694915,83.19491525423729,78.4322033898305,24.076271186440678,27.377118644067796,1.12,0.6410183320423964,0.7876195966216666,34.40001133694802,54.28,144.8
107,2023-02-02,10:47:00,614.9291,152.9893,748.2224,754.5084745762713,83.94067796610169,79.59745762711864,24.635593220338983,27.521186440677965,1.12,0.7103612199021813,0.7804596023711883,34.194447628533126,54.16,145
108,2023-02-02,10:48:00,658.738,142.1392,840.4129,885.7508474576271,85.98728813559322,81.41525423728814,25.029661016949152,27.661016949152543,1.12,0.6372605437188441,0.7403731596377547,33.98942335014108,54.03,145.3
109,2023-02-02,10:49:00,553.1238,159.3358,636.7405,885.0694915254238,86.52118644067797,82.70762711864407,25.216101694915253,27.885593220338983,1.12,0.5320628547555762,0.722890638092328,33.78494841401025,53.91,145.5
110,2023-02-02,10:50:00,633.6222,137.7738,804.2794,860.4355932203392,88.55508474576271,83.97457627118644,25.10593220338983,28.14830508474576,1.12,0.6576196674872049,0.7804030276649047,33.58103294617776,53.79,145.8
111,2023-02-02,10:51:00,651.288,130.7593,840.6661,864.5491525423728,88.59322033898304,85.0635593220339,25.093220338983052,28.360169491525422,1.12,0.5044069494707005,0.7794792951497297,33.377687291351464,53.67,146.1
112,2023-02-02,10:52:00,635.8143,111.1952,845.2573,861.0423728813561,90.96610169491525,84.57203389830508,24.39830508474576,28.199152542372882,1.12,0.9176838029841928,0.764487802190116,33.174922017874536,53.54,146.3
113,2023-02-02,10:53:00,630.1451,102.4204,847.4076,851.2016949152543,91.0,87.0,25.588983050847457,29.66949152542373,1.12,0.5808973415148794,0.7593908263590886,32.97274792278306,53.42,146.6
114,2023-02-02,10:54:00,630.9315,99.66257,850.6037,865.5881355932203,92.0,88.0,25.35169491525424,29.923728813559322,1.12,0.5713887549780604,0.7598168139240973,32.771176036955765,53.3,146.8
115,2023-02-02,10:55:00,634.3821,101.6653,849.6038,866.4966101694915,93.0,89.0,24.720338983050848,30.093220338983052,1.12,0.570938669156318,0.760099625276577,32.570217630355685,53.19,147.1
116,2023-02-02,10:56:00,634.9033,100.4369,849.5989,866.8254237288137,95.57203389830508,93.0,25.016949152542374,29.991525423728813,1.12,0.36730684354236137,0.7564086983024141,32.36988421736255,53.07,147.3
117,2023-02-02,10:57:00,631.6725,96.05493,850.6896,867.4508474576271,97.80084745762711,94.0,25.440677966101696,30.29237288135593,1.12,0.5426509625955079,0.7526259950607378,32.17018756219524,52.95,147.6
118,2023-02-02,10:58:00,631.976,94.47429,851.4472,868.6627118644068,98.7457627118644,96.73728813559322,25.372881355932204,30.377118644067796,1.12,0.2865069809970326,0.7443337779748213,31.971139684422376,52.84,147.9
119,2023-02-02,10:59:00,621.0895,94.60336,832.1436,869.157627118644,100.40254237288136,94.97457627118644,25.559322033898304,30.677966101694917,1.12,0.7738457642517728,0.7452590478519668,31.772752864559944,52.72,148.1
120,2023-02-02,11:00:00,636.8476,92.32473,857.611,870.7864406779661,100.6864406779661,97.67796610169492,25.427966101694917,30.720338983050848,1.12,0.4282978933077527,0.7536795081640315,31.57503964975363,52.61,148.4
121,2023-02-02,11:01:00,638.6238,90.92666,859.953,876.7593220338982,102.17372881355932,97.67796610169492,25.838983050847457,31.127118644067796,1.12,0.6358225642374544,0.7536507193225027,31.37801285954351,52.49,148.7
122,2023-02-02,11:02:00,640.0898,90.30283,861.7607,878.2440677966101,102.83050847457628,99.22881355932203,26.059322033898304,31.423728813559322,1.12,0.5086928525411036,0.7533742606085934,31.18168559170864,52.38,148.9
123,2023-02-02,11:03:00,641.4142,90.55748,861.64,880.171186440678,103.91525423728814,99.83050847457628,26.0635593220339,31.588983050847457,1.12,0.5758114751195187,0.7524901632555407,30.986071228188035,52.27,149.2
124,2023-02-02,11:04:00,641.8113,90.716,858.0231,881.0355932203389,104.84322033898304,101.0,26.11864406779661,32.029661016949156,1.12,0.5414190321336555,0.7519295301040889,30.791183441074967,52.16,149.5
125,2023-02-02,11:05:00,643.6508,90.73591,859.1485,882.2898305084747,105.84745762711864,101.78389830508475,26.338983050847457,32.36440677966102,1.12,0.5718168505173807,0.7509471403392037,30.59703619868001,52.05,149.7
126,2023-02-02,11:06:00,643.29,90.79565,857.8572,884.4288135593221,106.42372881355932,102.48305084745763,26.665254237288135,32.483050847457626,1.12,0.5533034929837878,0.7517178088237493,30.403643771658945,51.94,150
127,2023-02-02,11:07:00,648.1025,90.95509,860.7714,888.5338983050848,107.27542372881356,103.19915254237289,26.71186440677966,32.65677966101695,1.12,0.569851112589193,0.7535924523223676,30.211020739199686,51.83,150.3
128,2023-02-02,11:08:00,649.6187,91.23657,860.2483,894.5169491525423,108.05508474576271,104.17372881355932,26.68220338983051,33.08474576271186,1.12,0.5391378021488047,0.7535729353307071,30.019181995263516,51.72,150.5
129,2023-02-02,11:09:00,651.1464,91.70487,860.5,898.8322033898304,108.91101694915254,104.88559322033899,26.98728813559322,33.46186440677966,1.12,0.5566194871914709,0.7533714923013037,29.828142754873397,51.62,150.8
130,2023-02-02,11:10:00,652.317,92.24058,860.3673,901.6983050847458,109.5635593220339,105.58898305084746,26.406779661016948,33.813559322033896,1.12,0.5479746463664211,0.7530376799365376,29.637918560443588,51.51,151.1
131,2023-02-02,11:11:00,653.5828,93.0451,858.8263,906.4915254237288,110.32203389830508,106.29237288135593,26.673728813559322,34.19915254237288,1.12,0.5527781549130096,0.753485410940246,29.44852528814171,51.41,151.4
132,2023-02-02,11:12:00,656.0784,93.88139,858.1736,910.4406779661017,111.03813559322033,106.96186440677967,27.10169491525424,34.67372881355932,1.12,0.5568883120695014,0.7554951549993545,29.25997915427617,51.3,151.6
133,2023-02-02,11:13:00,660.038,94.75565,860.6779,917.7135593220339,111.69067796610169,107.54661016949153,27.444915254237287,35.19491525423729,1.12,0.5617929674336822,0.7594613886594301,29.07229672169892,51.2,151.9
134,2023-02-02,11:14:00,665.9342,96.18283,868.1968,871.5474576271188,112.34322033898304,108.16525423728814,27.555084745762713,35.813559322033896,1.12,0.5965326212742582,0.7640108353411875,28.88549490621424,51.1,152.2
135,2023-02-02,11:15:00,670.9137,98.24287,869.4574,925.1898305084746,112.90254237288136,108.69067796610169,27.372881355932204,36.41525423728814,1.12,0.5666218035292603,0.7674472450077751,28.699590982982144,51,152.5
136,2023-02-02,11:16:00,674.8614,100.926,869.6777,929.6237288135593,113.4322033898305,109.19067796610169,27.699152542372882,37.08898305084746,1.12,0.5680025398370745,0.7712981966607112,28.514602592905444,50.9,152.8
137,2023-02-02,11:17:00,680.5637,104.3857,872.3109,936.1983050847458,113.84745762711864,109.6822033898305,28.216101694915253,38.03813559322034,1.12,0.553968433386961,0.7759579794242754,28.330547748986803,50.8,153
138,2023-02-02,11:18:00,685.9327,108.7039,872.0942,941.3610169491525,114.29237288135593,110.23728813559322,27.98728813559322,38.77542372881356,1.12,0.5364626513974987,0.779446513901059,28.147444842642816,50.7,153.3
139,2023-02-02,11:19:00,689.5704,113.9366,866.0493,949.7203389830509,114.85169491525424,110.53389830508475,28.266949152542374,39.57203389830509,1.12,0.5662854338655849,0.7671023310338244,27.965312649959955,50.6,153.6
140,2023-02-02,11:20:00,666.9348,117.8217,826.2214,959.4779661016948,115.34322033898304,110.96610169491525,28.970338983050848,40.30084745762712,1.12,0.5683313362903016,0.7737254363397741,27.78417033787622,50.51,153.9
141,2023-02-02,11:21:00,704.0604,123.311,871.8321,970.2457627118644,115.76271186440678,111.33898305084746,29.059322033898304,40.96610169491525,1.12,0.5680984103813717,0.7965213183282793,27.60403747027169,50.41,154.2
142,2023-02-02,11:22:00,710.1545,128.4762,871.4586,980.8881355932203,116.10169491525424,111.73728813559322,28.805084745762713,41.63559322033898,1.12,0.5544809709390623,0.8025995851575102,27.424934013949088,50.32,154.5
143,2023-02-02,11:23:00,717.6672,134.4113,872.5897,993.9593220338983,116.58050847457628,112.2457627118644,28.508474576271187,42.317796610169495,1.12,0.5435786518932987,0.8087682882648296,27.246880344485028,50.22,154.7
144,2023-02-02,11:24:00,723.9314,141.0914,869.5576,1008.0525423728814,116.98305084745763,112.51694915254237,28.64830508474576,42.91101694915254,1.12,0.5522966196738364,0.8160886297770668,27.069897251930325,50.13,155
145,2023-02-02,11:25:00,733.5095,148.5088,871.4866,1025.5881355932204,117.2457627118644,112.8177966101695,28.279661016949152,43.440677966101696,1.12,0.538279907392654,0.8252894792755373,26.894005946337376,50.04,155.3
146,2023-02-02,11:26:00,743.1541,156.5338,872.8281,1041.1932203389829,117.52542372881356,113.04661016949153,28.127118644067796,43.95338983050848,1.12,0.5363568818511699,0.8352043961757661,26.71922806308994,49.95,155.6
147,2023-02-02,11:27:00,754.0395,165.0117,874.2811,1042.050847457627,117.83474576271186,113.33898305084746,28.25423728813559,44.478813559322035,1.12,0.5380102074469097,0.8453107725219138,26.54558566801032,49.86,155.9
148,2023-02-02,11:28:00,764.0587,174.6593,872.0812,936.7271186440678,118.16101694915254,113.61440677966101,28.49576271186441,44.88135593220339,1.12,0.6053475841379349,0.8564160022999064,26.373101262216192,49.77,156.2
149,2023-02-02,11:29:00,776.7719,185.8653,873.5573,883.3881355932203,118.51271186440678,113.82627118644068,28.800847457627118,45.36864406779661,1.12,0.6617177839118826,0.8690784585154996,26.20179778669886,49.68,156.5
150,2023-02-02,11:30:00,789.6336,198.0839,871.9437,774.2203389830509,118.79237288135593,114.19915254237289,28.838983050847457,45.88135593220339,1.12,0.740104528228549,0.8827776003926168,26.03169862659198,49.6,156.8
151,2023-02-02,11:31:00,804.2628,209.9585,874.1619,728.8237288135595,119.1822033898305,114.52966101694915,29.470338983050848,46.45762711864407,1.12,0.796478385704502,0.894841652490788,25.862827615098695,49.51,157.1
152,2023-02-02,11:32:00,814.2162,219.7449,872.3959,827.1847457627119,118.79237288135593,115.0677966101695,30.093220338983052,47.15677966101695,1.12,0.5618147356919169,0.9012962182880219,25.69520903704344,49.43,157.4
153,2023-02-02,11:33:00,818.7195,227.3966,865.2313,737.572881355932,118.58050847457628,114.65677966101696,30.13135593220339,48.016949152542374,1.12,0.663675941797797,0.8354703091056521,25.528867632012034,49.34,157.7
154,2023-02-02,11:34:00,697.4991,231.7979,675.8648,584.9067796610169,117.80932203389831,114.64830508474576,29.970338983050848,48.49576271186441,1.12,0.6741098416927448,0.7518115180986092,25.363828597043444,49.26,158
155,2023-02-02,11:35:00,669.1521,239.0171,624.6389,634.2983050847457,117.64830508474576,114.15254237288136,30.10593220338983,49.144067796610166,1.12,0.6873529847581493,0.704362790241638,25.20011758883258,49.18,158.3
156,2023-02-02,11:36:00,613.3312,242.1342,537.5568,496.7508474576272,117.44491525423729,113.95338983050847,30.08050847457627,49.76271186440678,1.12,0.8765401166041932,0.6629405979891447,25.037760725404283,49.1,158.6
157,2023-02-02,11:37:00,595.6659,244.0493,510.6751,549.0694915254238,116.40254237288136,113.83050847457628,30.03813559322034,50.17796610169491,1.12,0.5840361204320182,0.6968976437596437,24.87678458721399,49.02,158.9
158,2023-02-02,11:38:00,677.2618,246.485,624.2374,578.4135593220338,115.94915254237289,113.26271186440678,30.588983050847457,50.71610169491525,1.12,0.578946864769832,0.6549653668844876,24.71721621763162,48.94,159.2
159,2023-02-02,11:39:00,520.929,240.9946,399.9912,609.8813559322033,114.98728813559322,112.79237288135593,30.703389830508474,51.144067796610166,1.12,0.44848340694398153,0.5543994959023316,24.55908312276074,48.87,159.5
160,2023-02-02,11:40:00,494.8336,238.3374,368.3712,644.9254237288134,114.4957627118644,112.30932203389831,30.906779661016948,51.82627118644068,1.12,0.4223937925770296,0.521304278785755,24.40241327054568,48.79,159.8
161,2023-02-02,11:41:00,461.7244,236.8442,318.5345,648.9610169491524,114.09745762711864,111.65677966101696,30.860169491525422,52.101694915254235,1.12,0.4684797599503803,0.4827263143938096,24.2472350891157,48.72,160.1
162,2023-02-02,11:42:00,425.351,234.3336,272.3847,629.2830508474576,113.77542372881356,111.34745762711864,30.6864406779661,52.71610169491525,1.12,0.48055327460489133,0.4798300045134765,24.093577464315203,48.64,160.4
163,2023-02-02,11:43:00,457.679,231.244,322.2973,678.9966101694914,113.95762711864407,111.05508474576271,30.953389830508474,53.139830508474574,1.12,0.5324107731423227,0.4992627473721198,23.941469736366265,48.57,160.7
164,2023-02-02,11:44:00,462.4203,228.6855,330.8403,607.7728813559323,113.36864406779661,110.94915254237289,30.411016949152543,53.271186440677965,1.12,0.49574608918258356,0.5326768087102071,23.790941695609547,48.5,161
165,2023-02-02,11:45:00,520.6302,227.099,418.6143,552.9508474576271,113.32203389830508,110.77118644067797,30.029661016949152,53.59322033898305,1.12,0.5744543737125772,0.5406026278508753,23.642023577267224,48.43,161.3
166,2023-02-02,11:46:00,478.4164,220.5751,365.7547,693.7813559322034,113.38983050847457,110.55084745762711,30.283898305084747,53.855932203389834,1.12,0.5095479428931152,0.518545178200209,23.494746055171575,48.36,161.6
167,2023-02-02,11:47:00,481.1584,215.7986,376.0337,682.2305084745764,113.12288135593221,110.61440677966101,30.614406779661017,54.24152542372882,1.12,0.4578319188379933,0.5575658000491481,23.34914023440138,48.29,161.9
168,2023-02-02,11:48:00,551.9886,211.716,481.9439,630.3254237288137,112.71610169491525,110.45762711864407,30.165254237288135,54.436440677966104,1.12,0.4460980619930272,0.5665331708461271,23.205237642767553,48.22,162.2
169,2023-02-02,11:49:00,499.1361,204.7745,416.3361,615.3762711864407,113.07627118644068,110.21610169491525,30.25,54.3771186440678,1.12,0.5786837844859947,0.5020901090661871,23.063070221089877,48.16,162.5
170,2023-02-02,11:50:00,433.6083,197.9803,328.4697,729.5152542372881,112.59322033898304,110.12711864406779,30.127118644067796,54.529661016949156,1.12,0.420841643599838,0.5131878401791027,22.922670312205415,48.09,162.8
171,2023-02-02,11:51:00,520.9416,195.7661,461.6093,897.0661016949153,113.03813559322033,110.01271186440678,29.622881355932204,54.52542372881356,1.12,0.41988649273024814,0.5356196754685453,22.784070648650296,48.03,163.1
172,2023-02-02,11:52:00,476.5502,187.4354,408.0244,768.3542372881357,112.24152542372882,110.16525423728814,29.364406779661017,54.51271186440678,1.12,0.3363863013392239,0.5573474042937979,22.64730433895668,47.97,163.4
173,2023-02-02,11:53:00,562.6485,184.6895,532.549,735.7135593220339,113.10169491525424,109.80508474576271,29.385593220338983,54.50847457627118,1.12,0.5578495847707724,0.52317445592699,22.51240485250821,47.9,163.7
174,2023-02-02,11:54:00,413.9774,174.7071,332.6805,650.6966101694916,113.54237288135593,110.03389830508475,30.14830508474576,54.597457627118644,1.12,0.6713584426436431,0.5206487305953463,22.37940600289736,47.84,164.1
175,2023-02-02,11:55:00,559.0497,175.1892,542.8035,627.5728813559322,114.11016949152543,110.44491525423729,30.377118644067796,54.58474576271186,1.12,0.7273400360429538,0.6302548489393324,22.248341929731932,47.78,164.4
176,2023-02-02,11:56:00,620.1411,172.4447,632.8329,814.6491525423729,113.91949152542372,111.05508474576271,29.834745762711865,54.80508474576271,1.12,0.43792191465033453,0.6937404779478465,22.119247078838,47.73,164.7
177,2023-02-02,11:57:00,679.2565,173.8061,713.5822,977.4033898305084,114.0635593220339,111.01271186440678,30.156779661016948,55.0,1.12,0.38876579819233625,0.642932071367838,21.992156180811342,47.67,165
178,2023-02-02,11:58:00,526.2697,168.0224,502.4341,964.5169491525425,113.64406779661017,111.22881355932203,31.411016949152543,55.186440677966104,1.12,0.3118721795219024,0.5596937831428882,21.86710422787172,47.61,165.3
179,2023-02-02,11:59:00,524.2834,161.7718,506.351,883.9881355932204,114.12711864406779,110.86864406779661,31.23728813559322,55.32203389830509,1.12,0.4590950352639349,0.5224974958304479,21.744126448978598,47.56,165.6
180,2023-02-02,12:00:00,457.4581,155.9204,421.7344,516.5016949152542,115.27966101694915,110.98305084745763,30.822033898305083,55.355932203389834,1.12,1.0363307634622618,0.5308065395162627,21.62325828317166,47.51,165.9
181,2023-02-02,12:01:00,540.8948,153.7857,548.1917,866.8338983050849,115.69491525423729,111.66101694915254,31.021186440677965,55.44491525423729,1.12,0.5798658850789827,0.6752111475143897,21.504535351104682,47.45,166.3
182,2023-02-02,12:02:00,730.2991,154.6445,812.0335,863.7254237288134,116.25847457627118,112.10593220338983,31.114406779661017,55.50847457627118,1.12,0.5991906103702083,0.7669529047776662,21.38799342474712,47.4,166.6
183,2023-02-02,12:03:00,714.9902,148.956,794.6138,1004.8033898305085,115.16949152542372,112.69067796610169,30.1864406779661,55.82203389830509,1.12,0.3074283670360351,0.7445919483154269,21.273668395234406,47.35,166.9
184,2023-02-02,12:04:00,689.4649,146.0739,761.0646,977.8542372881358,115.97033898305085,112.41949152542372,30.588983050847457,55.889830508474574,1.12,0.4525704357503676,0.6034969747691025,21.161596238855672,47.3,167.2
185,2023-02-02,12:05:00,449.8863,134.3953,433.2257,1006.5728813559324,115.80932203389831,112.1864406779661,31.165254237288135,55.983050847457626,1.12,0.44854162467216085,0.554852913203967,21.051812981174557,47.26,167.5
186,2023-02-02,12:06:00,598.5522,135.5624,655.1392,995.7745762711866,117.12711864406779,112.55508474576271,31.360169491525422,56.13559322033898,1.12,0.5723894253840948,0.6413205094521638,20.944354659289047,47.21,167.9
187,2023-02-02,12:07:00,614.3126,132.6856,675.2965,960.5779661016949,117.23305084745763,113.05932203389831,30.677966101694917,56.30508474576271,1.12,0.5417370743734439,0.721477458054117,20.83925728224415,47.16,168.2
188,2023-02-02,12:08:00,751.2821,131.5,869.8353,980.4084745762711,117.98728813559322,113.54237288135593,29.783898305084747,56.228813559322035,1.12,0.5654111648713597,0.7833050180622081,20.73655678962253,47.12,168.5
189,2023-02-02,12:09:00,732.5385,127.5688,847.0509,774.4915254237287,118.3177966101695,113.95762711864407,30.338983050847457,56.266949152542374,1.12,0.7022016205278351,0.7788424983904414,20.636289008347887,47.08,168.8
190,2023-02-02,12:10:00,743.9879,125.948,865.7821,994.9322033898305,118.77966101694915,114.50847457627118,30.911016949152543,56.432203389830505,1.12,0.5355771804206788,0.7843835138000851,20.538489607748154,47.03,169.1
191,2023-02-02,12:11:00,744.1761,124.1168,866.5841,950.4627118644069,119.24152542372882,114.96186440677967,31.20762711864407,56.65677966101695,1.12,0.5618561046743901,0.772099579171639,20.443194052937127,46.99,169.5
192,2023-02-02,12:12:00,721.7636,123.1074,835.6517,993.7254237288134,118.76694915254237,115.24152542372882,32.309322033898304,56.902542372881356,1.12,0.4426669609243603,0.7631471932731888,20.350437556585195,46.96,169.8
193,2023-02-02,12:13:00,728.2139,123.6977,844.2236,1003.013559322034,119.7542372881356,115.46186440677967,32.90677966101695,57.20338983050848,1.12,0.5341151383820913,0.6898543576083277,20.260255029163414,46.92,170.1
194,2023-02-02,12:14:00,583.4128,118.8959,644.3439,988.3779661016948,119.8135593220339,115.55084745762711,31.677966101694917,57.69491525423729,1.12,0.5382956663053472,0.695722345781373,20.172681027757672,46.88,170.4
195,2023-02-02,12:15:00,740.2532,122.762,862.1398,676.9745762711865,120.55932203389831,116.00847457627118,31.93220338983051,58.23728813559322,1.12,0.8392479981726821,0.7626355564042725,20.08774970356381,46.84,170.8
196,2023-02-02,12:16:00,711.6541,121.0772,823.5215,1003.04406779661,120.76271186440678,116.28813559322033,32.978813559322035,58.82203389830509,1.12,0.5569901466973061,0.7632614550983993,20.005494748187587,46.81,171.1
197,2023-02-02,12:17:00,742.3456,121.4524,865.7228,1003.0271186440677,121.26694915254237,116.72033898305085,33.63135593220339,59.347457627118644,1.12,0.5660816127412502,0.7822693273682537,19.925949338887346,46.78,171.4
198,2023-02-02,12:18:00,748.7525,122.5232,873.7848,1001.6101694915255,120.23728813559322,117.02966101694915,34.54237288135593,60.00423728813559,1.12,0.39987095524676525,0.7837326635925029,19.849146082910778,46.74,171.7
199,2023-02-02,12:19:00,745.9907,125.9905,864.0897,972.477966101695,121.27542372881356,116.9322033898305,33.63559322033898,60.49576271186441,1.12,0.5577720423992494,0.6624179579405183,19.775116961090422,46.71,172.1
200,2023-02-02,12:20:00,518.0739,120.2032,551.9836,974.0457627118643,121.20338983050847,116.72033898305085,33.09322033898305,60.86864406779661,1.12,0.5747675239507508,0.6611834379763837,19.70389327087509,46.68,172.4
201,2023-02-02,12:21:00,744.2985,126.2961,863.3442,999.271186440678,121.73728813559322,117.19067796610169,32.96186440677966,61.08050847457627,1.12,0.5683262545612654,0.7835147223248987,19.635505568987707,46.66,172.7
202,2023-02-02,12:22:00,752.3881,123.7771,872.792,1003.4016949152543,121.60169491525424,117.38983050847457,32.402542372881356,61.45762711864407,1.12,0.5243226362998294,0.7872349236163042,19.569983613910583,46.63,173
203,2023-02-02,12:23:00,752.1254,123.9098,871.6063,913.8644067796611,121.88135593220339,117.60593220338983,32.50847457627118,61.76271186440678,1.12,0.5844453472516816,0.7768919361379,19.50735630841085,46.6,173.4
204,2023-02-02,12:24:00,733.2979,125.9541,842.6022,935.328813559322,122.20338983050847,117.64406779661017,32.47457627118644,62.182203389830505,1.12,0.6090000276003401,0.7667870957387946,19.44765164232807,46.58,173.7
205,2023-02-02,12:25:00,733.4388,126.6905,841.5209,993.3237288135593,122.41101694915254,117.95338983050847,32.44491525423729,62.63559322033898,1.12,0.5607172326816252,0.7772059576560187,19.39089663585455,46.55,174
206,2023-02-02,12:26:00,753.8356,127.327,868.8348,998.6677966101696,122.2457627118644,118.03813559322033,33.059322033898304,63.186440677966104,1.12,0.5264281979655908,0.7894806772459066,19.33711728354678,46.53,174.3
207,2023-02-02,12:27:00,757.5107,129.3979,870.4456,998.5999999999999,122.27118644067797,117.52966101694915,32.88135593220339,63.889830508474574,1.12,0.5932033823398541,0.7574893685280696,19.286338499311064,46.51,174.7
208,2023-02-02,12:28:00,693.1185,129.1638,779.4099,1001.4576271186439,121.98728813559322,117.51694915254237,33.478813559322035,64.30084745762711,1.12,0.5576429571859349,0.733299048185847,19.23858406261153,46.49,175
209,2023-02-02,12:29:00,711.6614,128.5872,808.8051,971.8864406779661,122.20338983050847,117.34745762711864,34.1271186440678,64.67372881355932,1.12,0.6241807256588605,0.7645311274829084,19.193876566150365,46.47,175.3
210,2023-02-02,12:30:00,753.4125,129.954,864.9716,997.6355932203389,122.16525423728814,117.61864406779661,34.91949152542373,65.19491525423729,1.12,0.5693653385373437,0.7886756792882683,19.15223736527068,46.46,175.7
211,2023-02-02,12:31:00,758.3721,130.5124,869.5361,1001.7440677966104,122.27542372881356,117.61864406779661,33.809322033898304,65.75847457627118,1.12,0.5807842859070956,0.7914854317473006,19.11368652933125,46.44,176
212,2023-02-02,12:32:00,759.2073,131.6359,868.745,1005.7135593220338,122.10169491525424,117.67372881355932,34.233050847457626,66.09322033898304,1.12,0.5500526678184466,0.7930391053501468,19.078242795297864,46.43,176.3
213,2023-02-02,12:33:00,761.7256,134.6796,866.9476,1008.9474576271188,122.27966101694915,117.67372881355932,33.07203389830509,66.39406779661017,1.12,0.5703488599225929,0.783787003304916,19.04592352379141,46.41,176.7
214,2023-02-02,12:34:00,741.7985,136.9258,837.6351,1014.0796610169491,122.29237288135593,117.76694915254237,31.75423728813559,66.58474576271186,1.12,0.5575564642766527,0.7830661364129291,19.016744657824322,46.4,177
215,2023-02-02,12:35:00,760.6431,137.9826,861.4277,973.7491525423728,122.52542372881356,117.89406779661017,33.05508474576271,67.05508474576271,1.12,0.5942888118271721,0.7945178693585634,18.99072068444703,46.39,177.3
216,2023-02-02,12:36:00,764.04,140.0357,863.5611,892.0627118644068,122.5635593220339,118.02118644067797,33.559322033898304,67.44491525423729,1.12,0.6362674820634798,0.7979129118815632,18.96786459951471,46.38,177.6
217,2023-02-02,12:37:00,767.3934,142.89,864.6132,792.3881355932202,122.84322033898304,118.08474576271186,34.3771186440678,67.80084745762711,1.12,0.7504392857739642,0.8007979734896398,18.94818787576989,46.37,178
218,2023-02-02,12:38:00,769.7778,145.8526,860.074,977.9372881355932,122.87288135593221,118.25847457627118,34.21186440677966,68.38135593220339,1.12,0.5896715558541195,0.8030278122749068,18.931700434420872,46.36,178.3
219,2023-02-02,12:39:00,771.8391,149.7451,859.1402,962.7542372881354,122.53813559322033,118.28813559322033,33.529661016949156,68.58474576271186,1.12,0.5516312256395067,0.7860891295177418,18.918410620378424,46.36,178.6
220,2023-02-02,12:40:00,737.3867,151.2431,809.3591,918.1203389830508,121.84322033898304,118.2457627118644,33.92796610169491,68.67796610169492,1.12,0.48955293288835816,0.7165526951379481,18.90832518129324,46.35,179
221,2023-02-02,12:41:00,638.4189,148.9426,665.4274,988.1830508474576,122.63135593220339,117.94915254237289,33.71186440677966,68.9957627118644,1.12,0.592058963495987,0.6780979299504118,18.90144925051667,46.35,179.3
222,2023-02-02,12:42:00,663.6016,148.6178,714.2072,939.5338983050848,122.5,118.05932203389831,33.66525423728814,69.38983050847457,1.12,0.5905906775466293,0.728548151385965,18.897786334084042,46.35,179.6
223,2023-02-02,12:43:00,735.3094,148.1343,809.6529,912.2593220338983,122.63559322033899,118.19915254237289,35.07627118644068,69.79661016949153,1.12,0.6077049084914641,0.7668224757807435,18.897338301798047,46.35,180
224,2023-02-02,12:44:00,737.0812,145.4902,817.9144,1003.8457627118643,122.87711864406779,118.33050847457628,34.67372881355932,70.24152542372882,1.12,0.5660220581764048,0.7499360814627196,18.900105382464393,46.35,180.3
225,2023-02-02,12:45:00,702.8402,142.4547,773.7543,994.3627118644068,122.78813559322033,118.33898305084746,36.483050847457626,70.62711864406779,1.12,0.5591613870987642,0.7593486546549122,18.906086163308462,46.35,180.6
226,2023-02-02,12:46:00,755.0743,143.3475,845.0649,1022.1169491525424,122.79661016949153,118.61864406779661,35.61864406779661,70.8135593220339,1.12,0.5108538870217392,0.7637445230946396,18.91527759357616,46.35,181
227,2023-02-02,12:47:00,711.1661,144.1911,782.1974,810.5542372881356,122.98305084745763,118.44915254237289,35.25423728813559,70.94067796610169,1.12,0.6990755524785712,0.7331738391546553,18.927674992297625,46.35,181.3
228,2023-02-02,12:48:00,696.2426,145.0623,762.1593,908.0576271186441,123.19915254237289,118.47881355932203,34.66525423728814,71.08050847457628,1.12,0.6497081639633281,0.7635301571289316,18.943272060168038,46.36,181.6
229,2023-02-02,12:49:00,769.2567,149.1199,859.3304,707.357627118644,123.4322033898305,118.72881355932203,33.932203389830505,71.1822033898305,1.12,0.8311465041667562,0.7947415622583046,18.962060895474753,46.37,181.9
230,2023-02-02,12:50:00,755.9245,150.5935,837.3069,992.822033898305,122.69491525423729,118.80508474576271,33.5,71.3135593220339,1.12,0.48966559965556344,0.7799384947317117,18.984032013977927,46.37,182.3
231,2023-02-02,12:51:00,740.5934,154.9052,802.9742,972.3728813559323,123.0,118.69915254237289,33.69915254237288,71.07203389830508,1.12,0.5528169251920229,0.7059558795238268,19.00917437262807,46.38,182.6
232,2023-02-02,12:52:00,613.7073,154.0438,633.138,922.4864406779661,122.03389830508475,118.51271186440678,33.889830508474574,71.09322033898304,1.12,0.47695415618177867,0.6865888334861608,19.037475396983613,46.39,182.9
233,2023-02-02,12:53:00,703.1545,156.9789,753.1346,963.5033898305086,122.99152542372882,118.58474576271186,34.08050847457627,71.3177966101695,1.12,0.5716317925931571,0.6613892481396704,19.06892101217127,46.4,183.3
234,2023-02-02,12:54:00,565.0709,154.0971,568.6355,981.1067796610168,122.74152542372882,118.13983050847457,34.766949152542374,71.46186440677967,1.12,0.5861147086886866,0.6883425330802992,19.103495677214568,46.42,183.6
235,2023-02-02,12:55:00,754.4908,160.7357,819.5073,1010.0305084745763,122.89406779661017,118.46610169491525,34.95762711864407,71.61864406779661,1.12,0.5478946964157119,0.7532166342479434,19.14118242253794,46.43,183.9
236,2023-02-02,12:56:00,689.0222,162.1554,723.8585,972.1796610169491,123.1822033898305,118.40254237288136,35.101694915254235,71.66101694915254,1.12,0.6144691875410058,0.7454107872044465,19.181962890441334,46.45,184.3
237,2023-02-02,12:57:00,739.0892,166.8743,790.8739,870.077966101695,123.44915254237289,118.87288135593221,36.25,71.95338983050847,1.12,0.657468310355118,0.7607422832624222,19.22581737832594,46.46,184.6
238,2023-02-02,12:58:00,717.9106,167.804,760.0074,677.5694915254237,123.75847457627118,118.82627118644068,35.19491525423729,71.94915254237289,1.12,0.9099856374507682,0.776027046565718,19.272724884441608,46.48,184.9
239,2023-02-02,12:59:00,767.8342,170.368,826.0529,845.2728813559322,123.72881355932203,119.19915254237289,34.71186440677966,71.71610169491525,1.12,0.6699607797052307,0.7918067279430365,19.32266315591908,46.5,185.2
240,2023-02-02,13:00:00,747.5469,173.1528,791.2675,957.8525423728813,123.47881355932203,119.23728813559322,34.88135593220339,71.40254237288136,1.12,0.5535832001002476,0.7662519193677743,19.375608738842477,46.52,185.6
241,2023-02-02,13:01:00,718.3366,175.0361,746.5389,981.7525423728814,122.55932203389831,119.3135593220339,35.53389830508475,71.2457627118644,1.12,0.41322899031059723,0.6762106381264151,19.431537030113994,46.54,185.9
242,2023-02-02,13:02:00,574.7421,172.4356,547.4777,894.706779661017,122.92796610169492,118.9957627118644,34.61864406779661,71.39406779661017,1.12,0.5493345052644546,0.612064825729068,19.49042233086102,46.56,186.2
243,2023-02-02,13:03:00,595.1487,173.5273,585.6618,726.3644067796608,123.15677966101696,118.87711864406779,33.766949152542374,71.44067796610169,1.12,0.7364572868949261,0.645041825629636,19.55223790113449,46.59,186.6
244,2023-02-02,13:04:00,637.1914,171.8124,642.4271,750.9881355932204,123.66525423728814,119.02542372881356,34.03813559322034,71.4364406779661,1.12,0.7723719234569654,0.7164695357633022,19.61695601565104,46.61,186.9
245,2023-02-02,13:05:00,730.9314,169.9375,774.6298,835.6118644067797,123.62711864406779,119.36864406779661,34.95338983050848,71.4957627118644,1.12,0.6371422972558385,0.7526433420115929,19.684548020332908,46.64,187.2
246,2023-02-02,13:06:00,705.5204,166.0455,744.8761,925.6627118644068,123.22881355932203,119.44067796610169,34.50423728813559,71.26694915254237,1.12,0.5115960637344894,0.729204088372258,19.754984389406577,46.67,187.5
247,2023-02-02,13:07:00,685.4415,164.4647,720.8355,887.7610169491525,122.58474576271186,119.47033898305085,34.347457627118644,71.08474576271186,1.12,0.4385034240816851,0.6033127925302606,19.828234782827053,46.7,187.9
248,2023-02-02,13:08:00,464.7305,158.1622,418.6201,867.271186440678,123.08898305084746,118.72033898305085,33.88559322033898,70.86016949152543,1.12,0.629597046813523,0.5998561800929623,19.904268103803044,46.73,188.2
249,2023-02-02,13:09:00,678.1776,164.8006,713.0072,817.5288135593221,122.85593220338983,118.95338983050847,33.29237288135593,70.6822033898305,1.12,0.5966436297444047,0.6704418489845141,19.98305255620821,46.76,188.5
250,2023-02-02,13:10:00,598.4346,158.9658,602.4661,712.0067796610169,123.15254237288136,118.60593220338983,32.69915254237288,70.48728813559322,1.12,0.7981229040585993,0.6891717077299209,20.064555701673132,46.79,188.8
251,2023-02-02,13:11:00,713.0065,157.3762,768.8892,865.0305084745763,122.83898305084746,119.11440677966101,33.309322033898304,69.96610169491525,1.12,0.538182750182993,0.72058690884209,20.148744516165625,46.82,189.2
252,2023-02-02,13:12:00,657.3102,154.2146,692.1788,934.3389830508474,123.02118644067797,118.86440677966101,33.32627118644068,69.66525423728814,1.12,0.5560715552813555,0.6819969857506923,20.235585445877543,46.86,189.5
253,2023-02-02,13:13:00,638.7346,152.2199,672.5275,1001.1830508474577,122.16949152542372,119.04661016949153,33.08050847457627,69.41525423728814,1.12,0.38981097505224116,0.6346545006485371,20.3250444622505,46.9,189.8
254,2023-02-02,13:14:00,566.489,145.1294,579.4572,1020.4474576271186,122.76694915254237,118.64406779661017,33.71610169491525,69.30084745762711,1.12,0.5049427021984245,0.597628946558907,20.417087115984852,46.93,190.1
255,2023-02-02,13:15:00,567.5926,141.1428,589.3814,1011.1338983050848,122.90677966101696,118.53389830508475,34.28389830508475,68.92796610169492,1.12,0.5404979936846418,0.65013466679887,20.511678589890764,46.97,190.5
256,2023-02-02,13:16:00,665.1946,138.1985,733.3189,1003.4830508474577,123.61016949152543,118.88559322033899,34.063559322033896,68.83474576271186,1.12,0.5885606882541492,0.723205976279658,20.608783750453373,47.01,190.8
257,2023-02-02,13:17:00,705.0831,135.3649,792.6858,980.0305084745762,123.94491525423729,119.04661016949153,34.733050847457626,68.63559322033899,1.12,0.6248755600562601,0.7746007798029253,20.708367197997557,47.05,191.1
258,2023-02-02,13:18:00,761.3963,132.9108,876.5338,994.1898305084746,124.2542372881356,119.49152542372882,34.152542372881356,68.79661016949153,1.12,0.599027157686717,0.8012847319408426,20.810393315351522,47.09,191.4
259,2023-02-02,13:19:00,754.3482,128.2415,873.4592,962.2694915254237,124.74152542372882,119.88135593220339,33.94915254237288,68.73728813559322,1.12,0.6316890802918589,0.7955365752705699,20.914826314921942,47.14,191.7
260,2023-02-02,13:20:00,749.2438,125.1251,870.9171,954.5694915254238,124.80508474576271,120.21610169491525,32.88135593220339,68.65254237288136,1.12,0.6013079676579388,0.7824264779342607,21.02163028410581,47.18,192.1
261,2023-02-02,13:21:00,728.2774,122.9457,845.7009,1000.3220338983051,125.15677966101696,120.46186440677967,33.66101694915254,68.38983050847457,1.12,0.5871321848098074,0.780115298843228,21.130769228977076,47.23,192.4
262,2023-02-02,13:22:00,743.5568,123.1833,867.3412,995.7406779661017,125.1864406779661,120.61016949152543,33.99576271186441,68.16525423728814,1.12,0.5749514688867102,0.7836699048889976,21.24220711619831,47.28,192.7
263,2023-02-02,13:23:00,733.6209,124.1601,852.1093,992.0474576271185,125.08474576271186,120.74152542372882,33.186440677966104,67.97457627118644,1.12,0.5477063957327111,0.7545735874791337,21.355907913118536,47.32,193
264,2023-02-02,13:24:00,687.3664,123.3942,788.7372,989.4644067796611,125.39830508474576,120.69491525423729,32.83898305084746,67.44915254237289,1.12,0.5947116589477899,0.7604419619519572,21.47183562603027,47.37,193.3
265,2023-02-02,13:25:00,743.283,123.8575,867.2499,985.8542372881357,125.6864406779661,121.05508474576271,33.601694915254235,67.25847457627118,1.12,0.5878363256030921,0.7899280692112371,21.58995433656807,47.42,193.7
266,2023-02-02,13:26:00,741.3624,122.1164,868.2532,981.071186440678,125.90677966101696,121.16949152542372,34.563559322033896,67.08898305084746,1.12,0.604260584149226,0.7880507546416726,21.71022823624116,47.47,194
267,2023-02-02,13:27:00,738.2464,121.1181,868.2219,975.4949152542374,126.07203389830508,121.46610169491525,34.266949152542374,67.12711864406779,1.12,0.5909275785316525,0.7859491837957431,21.832621659101346,47.53,194.3
268,2023-02-02,13:28:00,735.8781,120.4067,866.022,971.5237288135594,126.1822033898305,121.54237288135593,38.70762711864407,66.70762711864407,1.12,0.5977360480163624,0.7843694505554958,21.957099112555913,47.58,194.6
269,2023-02-02,13:29:00,733.7139,119.7763,864.8883,969.3610169491527,126.1864406779661,121.72033898305085,35.92372881355932,66.34322033898304,1.12,0.5766631090761747,0.7823639972322909,22.0836253063418,47.64,194.9
270,2023-02-02,13:30:00,730.5211,117.9992,863.2817,967.4067796610169,126.32203389830508,121.8177966101695,34.932203389830505,66.00847457627118,1.12,0.582794008780453,0.7793953952595144,22.212165179686,47.69,195.2
271,2023-02-02,13:31:00,726.5306,116.1841,860.9694,965.8050847457627,126.4364406779661,121.87288135593221,33.894067796610166,65.92372881355932,1.12,0.5914724914128997,0.7763041744300803,22.342683926680706,47.75,195.6
272,2023-02-02,13:32:00,723.0875,114.6525,860.096,962.9457627118643,126.40677966101696,121.91949152542372,34.148305084745765,65.85169491525424,1.12,0.5833163025997554,0.7744149314080772,22.475147019909897,47.81,195.9
273,2023-02-02,13:33:00,721.3185,112.9326,856.7712,960.1593220338983,126.58050847457628,122.13983050847457,35.22457627118644,65.79661016949153,1.12,0.5789862863140582,0.7739689861314543,22.609520232366453,47.87,196.2
274,2023-02-02,13:34:00,720.5389,111.2118,862.0306,956.1644067796608,126.83050847457628,121.9957627118644,35.847457627118644,66.0042372881356,1.12,0.6330160307690611,0.7737640424053728,22.745769657704443,47.93,196.5
275,2023-02-02,13:35:00,719.1868,109.7984,866.1479,952.977966101695,125.97033898305085,121.55932203389831,34.79237288135593,66.09745762711864,1.12,0.5792906360609341,0.7732510044556838,22.883861728874756,47.99,196.8
276,2023-02-02,13:36:00,717.8021,108.4233,867.634,950.4932203389832,126.11440677966101,121.61016949152543,35.38135593220339,66.29237288135593,1.12,0.5931066912847754,0.7722785107536368,23.023763235194444,48.06,197.1
277,2023-02-02,13:37:00,715.5662,107.232,865.5857,947.8338983050847,125.9322033898305,121.40254237288136,36.20762711864407,66.65677966101696,1.12,0.5980733246778251,0.7709773870046466,23.16544133790336,48.12,197.4
278,2023-02-02,13:38:00,713.5436,106.0475,865.0928,944.7610169491525,125.85593220338983,121.37288135593221,35.70762711864407,66.7542372881356,1.12,0.5938296231788763,0.7693676952976997,23.308863584263133,48.19,197.7
279,2023-02-02,13:39:00,710.7095,105.1126,863.9662,943.6152542372882,125.76271186440678,121.23728813559322,34.983050847457626,66.97033898305085,1.12,0.600138244038745,0.7678723778575909,23.45399792025563,48.25,198
280,2023-02-02,13:40:00,708.8731,104.3034,861.9949,941.7932203389831,125.73305084745763,121.24152542372882,34.605932203389834,67.22881355932203,1.12,0.596791590043381,0.767120087937219,23.600812701938196,48.32,198.4
281,2023-02-02,13:41:00,707.3852,103.483,862.3943,939.5983050847457,125.77966101694915,121.3135593220339,35.16101694915254,67.33050847457628,1.12,0.5948161739856108,0.765961513424151,23.74927670551474,48.39,198.7
282,2023-02-02,13:42:00,704.7706,102.6366,862.5745,937.4949152542374,125.85593220338983,121.37711864406779,35.639830508474574,67.55932203389831,1.12,0.5978670891363775,0.765157743216145,23.899359136180927,48.46,199
283,2023-02-02,13:43:00,703.909,102.0261,863.6697,938.735593220339,125.75847457627118,121.41949152542372,35.25423728813559,67.72881355932203,1.12,0.5784282641187971,0.7648450018772102,24.051029635802568,48.53,199.3
284,2023-02-02,13:44:00,702.1685,101.9887,861.4013,914.742372881356,125.86016949152543,121.39406779661017,34.46186440677966,68.04661016949153,1.12,0.611001857602957,0.7646074914838776,24.204258289485722,48.6,199.6
285,2023-02-02,13:45:00,701.4139,102.4013,860.2247,923.6779661016949,125.86864406779661,121.45762711864407,34.90677966101695,68.00847457627118,1.12,0.5976378757136732,0.7646311619772541,24.35901563109622,48.67,199.9
286,2023-02-02,13:46:00,700.1207,102.1519,860.6232,921.0559322033897,125.76271186440678,121.4322033898305,34.432203389830505,68.17372881355932,1.12,0.5883820786316258,0.7643217027614212,24.515272647785537,48.75,200.2
287,2023-02-02,13:47:00,698.7236,104.9161,856.0245,918.6322033898307,125.52118644067797,121.27966101694915,33.847457627118644,67.91525423728814,1.12,0.5777592873319046,0.7530816463732971,24.673000783579752,48.82,200.5
288,2023-02-02,13:48:00,677.4254,110.9105,815.926,917.0101694915253,125.52542372881356,121.25,33.40677966101695,67.64406779661017,1.12,0.583403463678292,0.7501860006876819,24.832171942085633,48.9,200.8
289,2023-02-02,13:49:00,691.2844,103.7026,846.4543,915.8288135593222,125.65254237288136,121.22033898305085,34.27542372881356,67.62288135593221,1.12,0.6055909907508603,0.7575429136084728,24.992758488368107,48.98,201.1
290,2023-02-02,13:50:00,688.6469,99.81944,851.2247,913.3745762711865,125.57203389830508,121.3177966101695,34.79237288135593,67.53813559322033,1.12,0.5828386402905404,0.7563897767608733,25.154733250050647,49.06,201.4
291,2023-02-02,13:51:00,686.9539,98.75784,850.8602,913.2796610169493,125.46186440677967,121.25847457627118,34.66525423728814,67.52966101694915,1.12,0.5759094790474368,0.7561273274610466,25.318069517689487,49.14,201.7
292,2023-02-02,13:52:00,685.9083,97.87369,851.0252,912.4101694915254,125.63135593220339,121.36864406779661,34.69915254237288,67.79661016949153,1.12,0.5846319855728199,0.756278197554613,25.482741044470536,49.22,202
293,2023-02-02,13:53:00,684.934,97.17759,854.6143,909.2355932203388,125.95762711864407,121.72457627118644,35.45338983050848,68.13135593220339,1.12,0.5826839082784618,0.7559754469626274,25.648722045275637,49.3,202.3
294,2023-02-02,13:54:00,683.0346,96.62553,853.6688,906.7694915254237,125.95338983050847,121.8177966101695,35.28389830508475,68.21186440677967,1.12,0.5708287540326265,0.7561446793746858,25.815987195164286,49.38,202.6
295,2023-02-02,13:55:00,682.8828,96.0444,855.248,903.0033898305085,126.2457627118644,122.0,33.99152542372882,68.30084745762711,1.12,0.5885451949557606,0.7569906297499028,25.984511627313694,49.46,202.9
296,2023-02-02,13:56:00,682.1707,95.59563,858.2113,901.3677966101695,126.42372881355932,122.20338983050847,35.351694915254235,68.34745762711864,1.12,0.5861351865071627,0.7570417241514227,26.15427093045952,49.55,203.2
297,2023-02-02,13:57:00,680.5508,95.33265,858.1215,900.0288135593221,126.52542372881356,122.41101694915254,35.90677966101695,68.38983050847457,1.12,0.5723147569898631,0.7563101645398848,26.3252411458766,49.63,203.5
298,2023-02-02,13:58:00,678.4002,95.10487,857.0547,896.7406779661017,126.60169491525424,122.37711864406779,35.00423728813559,68.42796610169492,1.12,0.5898001616690945,0.7551786282691383,26.497398763938524,49.72,203.7
299,2023-02-02,13:59:00,676.0359,94.91521,853.5427,895.0406779661016,126.52118644067797,122.37711864406779,33.6228813559322,68.26694915254237,1.12,0.5796479737458445,0.7541232998918712,26.6707207202913,49.81,204
300,2023-02-02,14:00:00,673.9975,94.94308,851.4979,897.7677966101695,126.5677966101695,122.40254237288136,33.95338983050848,68.05508474576271,1.12,0.5808515595614231,0.7540528154810864,26.845184391676717,49.9,204.3
301,2023-02-02,14:01:00,673.3684,94.90457,852.0586,899.6101694915255,126.59745762711864,122.4957627118644,33.983050847457626,67.85169491525424,1.12,0.5708332126712876,0.7538153433362302,27.02076759143712,49.99,204.6
302,2023-02-02,14:02:00,671.0011,94.8904,848.5113,821.0338983050847,126.54237288135593,122.38559322033899,33.61864406779661,67.61440677966101,1.12,0.6338393837039398,0.7526707637770811,27.197448564733314,50.08,204.9
303,2023-02-02,14:03:00,668.7275,95.74101,843.5706,118.89661016949154,126.48728813559322,122.34745762711864,33.00847457627118,67.27542372881356,1.12,4.358999306589188,0.7537332897273693,27.37520598350432,50.17,205.2
304,2023-02-02,14:04:00,670.2576,97.16062,847.2719,351.0949152542373,126.61864406779661,122.49152542372882,33.8728813559322,67.05932203389831,1.12,1.4717173846249632,0.7569100402126264,27.55401894119691,50.26,205.5
305,2023-02-02,14:05:00,671.6935,99.85964,848.4864,601.2440677966102,126.60169491525424,122.59322033898304,34.24152542372882,66.94915254237289,1.12,0.8347163737371035,0.7604202424450376,27.733866947291016,50.36,205.8
306,2023-02-02,14:06:00,673.7595,103.6921,846.8036,937.2932203389831,123.3177966101695,122.55508474576271,34.105932203389834,66.87711864406779,1.12,0.1018018746594867,0.4640621674635073,27.91472992164504,50.45,206.1
307,2023-02-02,14:07:00,145.6509,105.538,45.19996,912.671186440678,122.65254237288136,121.4957627118644,33.80508474576271,66.84745762711864,1.12,0.15850208513535108,0.2291799916343543,28.09658818868472,50.55,206.3
308,2023-02-02,14:08:00,258.1808,135.4659,182.515,889.1966101694916,122.0677966101695,119.53389830508475,34.71610169491525,66.88135593220339,1.12,0.3561561879740519,0.3686383882927442,28.279422471456368,50.64,206.6
309,2023-02-02,14:09:00,390.0215,159.4046,344.7177,886.1694915254237,123.58898305084746,119.2542372881356,36.521186440677965,66.91101694915254,1.12,0.611531598752245,0.6248504363481114,28.463213885565192,50.74,206.9
310,2023-02-02,14:10:00,706.3563,145.6896,841.5994,879.1644067796608,123.55508474576271,119.2542372881356,38.3771186440678,66.95338983050847,1.12,0.6115791086401723,0.7972798103914994,28.647943933017125,50.84,207.2
311,2023-02-02,14:11:00,689.5519,129.7887,841.9255,904.4762711864407,124.3177966101695,120.11440677966101,37.16101694915254,67.05932203389831,1.12,0.5812078036290642,0.7800363135972752,28.833594495982073,50.94,207.5
312,2023-02-02,14:12:00,673.1805,118.4858,836.1022,904.6118644067797,124.36440677966101,120.22033898305085,35.78813559322034,66.91101694915254,1.12,0.5729393183687695,0.7681777288513038,29.020147830494416,51.04,207.7
313,2023-02-02,14:13:00,665.8634,110.2271,837.715,896.5949152542372,124.8135593220339,120.69067796610169,35.75423728813559,66.80932203389831,1.12,0.5752285319222872,0.7613264015501403,29.207586560106517,51.14,208
314,2023-02-02,14:14:00,658.2615,111.1692,827.6716,863.3779661016949,125.03813559322033,120.83474576271186,35.559322033898304,66.69491525423729,1.12,0.6090762097914245,0.7706036364279665,29.39589366950864,51.24,208.3
315,2023-02-02,14:15:00,678.9547,121.7794,844.8004,881.4677966101696,125.3135593220339,121.14406779661017,35.08474576271186,66.69491525423729,1.12,0.591845590828248,0.7865409091954131,29.585052498128977,51.35,208.6
316,2023-02-02,14:16:00,682.7781,127.08,843.8437,883.4610169491525,125.63559322033899,121.38135593220339,35.398305084745765,66.69491525423729,1.12,0.602591135490629,0.7873208100224882,29.775046733725187,51.45,208.9
317,2023-02-02,14:17:00,677.1306,123.172,844.6776,876.128813559322,125.66525423728814,121.65677966101696,35.24576271186441,66.60593220338983,1.12,0.5725722256660074,0.7689952515961368,29.96586040597886,51.56,209.1
318,2023-02-02,14:18:00,647.9933,118.1316,808.4658,869.0389830508475,125.91101694915254,121.86016949152543,36.50423728813559,66.61016949152543,1.12,0.5834067758410988,0.7615735507391023,30.15747788010308,51.66,209.4
319,2023-02-02,14:19:00,661.2091,119.8483,828.6957,863.8237288135595,126.14830508474576,122.01694915254237,36.529661016949156,66.66949152542372,1.12,0.5986494836718173,0.7716925612170312,30.349883850472114,51.77,209.7
320,2023-02-02,14:20:00,662.1832,115.0947,840.3922,870.5796610169491,126.1864406779661,122.13983050847457,36.13559322033898,66.61440677966101,1.12,0.5818410449080155,0.7712509322965391,30.543063334282287,51.88,209.9
321,2023-02-02,14:21:00,657.2169,111.9266,836.7006,874.591525423729,126.28813559322033,122.34745762711864,36.182203389830505,66.58474576271186,1.12,0.5640514934284416,0.7664895361730829,30.737001665251135,51.99,210.2
322,2023-02-02,14:22:00,650.7919,109.0729,835.832,878.8762711864406,126.46186440677967,122.47881355932203,36.13559322033898,66.58898305084746,1.12,0.5673780642254482,0.7624677040212386,30.931684487362645,52.09,210.5
323,2023-02-02,14:23:00,647.0941,109.4905,832.3433,881.8118644067796,126.57203389830508,122.61016949152543,36.351694915254235,66.72033898305085,1.12,0.5625134584883498,0.7647650478296025,31.127097748664408,52.2,210.8
324,2023-02-02,14:24:00,651.4023,111.184,838.7025,866.3915254237288,126.70338983050847,122.66101694915254,36.347457627118644,66.79661016949153,1.12,0.5841848277160456,0.7700748514580937,31.32322769512287,52.32,211
325,2023-02-02,14:25:00,652.7556,115.9713,832.7947,837.4508474576271,126.58898305084746,122.59745762711864,35.105932203389834,66.74152542372882,1.12,0.5967456850009455,0.7746257165765973,31.52006086454168,52.43,211.3
326,2023-02-02,14:26:00,655.7045,119.5236,832.5134,832.2338983050848,126.61016949152543,122.5,34.76271186440678,66.44491525423729,1.12,0.6183243049261882,0.7806706488652447,31.71758408054783,52.54,211.6
327,2023-02-02,14:27:00,659.5037,125.8431,831.7589,829.5440677966103,126.59745762711864,122.54661016949153,34.559322033898304,66.26694915254237,1.12,0.6113808639300313,0.7808480467637577,31.915784446649774,52.66,211.8
328,2023-02-02,14:28:00,652.5087,126.8405,820.5828,861.4372881355931,126.36864406779661,122.51271186440678,34.50847457627118,66.19067796610169,1.12,0.5603816821560899,0.7665333899021108,32.11464934037141,52.77,212.1
329,2023-02-02,14:29:00,631.9905,127.8842,789.4637,848.5728813559322,125.59322033898304,121.46610169491525,35.313559322033896,65.9957627118644,1.12,0.6086258345556567,0.7524575660486643,32.31416640746458,52.89,212.4
330,2023-02-02,14:30:00,625.494,130.0539,776.0826,803.5983050847458,125.42372881355932,121.62288135593221,35.38135593220339,65.94491525423729,1.12,0.5918782579476514,0.746844518882852,32.51432355620382,53,212.6
331,2023-02-02,14:31:00,619.1786,133.2714,767.2119,809.393220338983,125.07627118644068,121.02966101694915,34.6271186440678,65.95338983050847,1.12,0.625500996123788,0.7583000407862748,32.71510895176463,53.12,212.9
332,2023-02-02,14:32:00,641.0713,128.2072,810.2126,0.0,124.95338983050847,121.01694915254237,34.75847457627118,65.74152542372882,1.12,inf,0.7681518215809894,32.9165110106886,53.24,213.1
333,2023-02-02,14:33:00,631.9615,124.3317,802.9587,0.0,124.76271186440678,120.91101694915254,34.78813559322034,65.86440677966101,1.12,inf,0.7455896190893212,33.11851839543632,53.36,213.4
334,2023-02-02,14:34:00,600.1656,122.4466,758.7289,0.0,124.40254237288136,120.69915254237289,33.529661016949156,65.67372881355932,1.12,inf,0.7293072638903711,33.32112000902949,53.48,213.7
335,2023-02-02,14:35:00,601.588,119.2575,767.6493,0.0,124.4125,120.5125,33.8375,65.5,1.12,inf,0.0,33.52430498978428,53.6,213.9
